Date,Day of Week,,,
Top 3 Priorities,,,Priority 1,
,,,Priority 2,
,,,Priority 3,
,,,
Time Block,Task/Activity,Status,Notes
5:00 AM,,,
6:00 AM,,,
7:00 AM,,,
8:00 AM,,,
9:00 AM,,,
10:00 AM,,,
11:00 AM,,,
12:00 PM,,,
1:00 PM,,,
2:00 PM,,,
3:00 PM,,,
4:00 PM,,,
5:00 PM,,,
6:00 PM,,,
7:00 PM,,,
8:00 PM,,,
9:00 PM,,,
10:00 PM,,,
,,,
Gratitude,,,
1.,,,
2.,,,
3.,,,
,,,
Daily Reflection,,,
What went well?,,,
What could improve?,,,
Tomorrow's focus?,,,
,,,
Water Intake,☐ ☐ ☐ ☐ ☐ ☐ ☐ ☐,,
Exercise,☐ Yes  ☐ No,,
Sleep Hours,,,
Energy Level,☐ High  ☐ Medium  ☐ Low,,
