Annual Goals,Year:,,,
,,,
Life Area,Annual Goal,Why This Matters,Success Metric
Career,,,
Financial,,,
Health,,,
Relationships,,,
Personal Growth,,,
Contribution,,,
Fun & Recreation,,,
,,,
Quarterly Breakdown - Q1,,,
Goal,Milestones,Target Date,Status
,,,
,Milestone 1,,
,Milestone 2,,
,Milestone 3,,
,,,
,Milestone 1,,
,Milestone 2,,
,Milestone 3,,
,,,
,Milestone 1,,
,Milestone 2,,
,Milestone 3,,
,,,
Quarterly Breakdown - Q2,,,
Goal,Milestones,Target Date,Status
,,,
,Milestone 1,,
,Milestone 2,,
,Milestone 3,,
,,,
,Milestone 1,,
,Milestone 2,,
,Milestone 3,,
,,,
,Milestone 1,,
,Milestone 2,,
,Milestone 3,,
,,,
Quarterly Breakdown - Q3,,,
Goal,Milestones,Target Date,Status
,,,
,Milestone 1,,
,Milestone 2,,
,Milestone 3,,
,,,
,Milestone 1,,
,Milestone 2,,
,Milestone 3,,
,,,
,Milestone 1,,
,Milestone 2,,
,Milestone 3,,
,,,
Quarterly Breakdown - Q4,,,
Goal,Milestones,Target Date,Status
,,,
,Milestone 1,,
,Milestone 2,,
,Milestone 3,,
,,,
,Milestone 1,,
,Milestone 2,,
,Milestone 3,,
,,,
,Milestone 1,,
,Milestone 2,,
,Milestone 3,,
,,,
90-Day Goals,Start Date:,,End Date:
Goal,Action Steps,Resources Needed,Deadline
1,,,
,Step 1,,
,Step 2,,
,Step 3,,
,Step 4,,
2,,,
,Step 1,,
,Step 2,,
,Step 3,,
,Step 4,,
3,,,
,Step 1,,
,Step 2,,
,Step 3,,
,Step 4,,
,,,
Weekly Goal Review,,,
Week,Goals Achieved,Progress %,Notes
Week 1,,,
Week 2,,,
Week 3,,,
Week 4,,,
Week 5,,,
Week 6,,,
Week 7,,,
Week 8,,,
Week 9,,,
Week 10,,,
Week 11,,,
Week 12,,,
,,,
Obstacles & Solutions,,,
Obstacle,Impact,Possible Solution,Action Taken
,,,
,,,
,,,
,,,
Support System,,,
Who,How They Can Help,Contact,Notes
,,,
,,,
,,,
